"Date";"D0";"Value"
"2009-05";"K";"5.21101401"
"2009-05";"OBB";"3.01304615"
"2009-05";"MBB";"1.1257"
"2009-05";"FH";"2.28324602"
"2009-05";"FI";"1.73357581"
"2009-06";"K";"4.94107826"
"2009-06";"OBB";"3.08343808"
"2009-06";"MBB";"1.0864"
"2009-06";"FH";"2.36787186"
"2009-06";"FI";"1.86263529"
"2009-07";"K";"4.9601406"
"2009-07";"OBB";"3.08040919"
"2009-07";"MBB";"1.1401"
"2009-07";"FH";"2.34240605"
"2009-07";"FI";"1.80100909"
"2009-08";"K";"5.26473157"
"2009-08";"OBB";"3.04354682"
"2009-08";"MBB";"1.1448"
"2009-08";"FH";"2.3626305"
"2009-08";"FI";"1.7084331"
"2009-09";"K";"4.92649562"
"2009-09";"OBB";"3.07931342"
"2009-09";"MBB";"1.0903"
"2009-09";"FH";"2.3132654"
"2009-09";"FI";"1.80879862"
"2009-10";"K";"5.05912836"
"2009-10";"OBB";"3.04819117"
"2009-10";"MBB";"1.0791"
"2009-10";"FH";"2.32873421"
"2009-10";"FI";"1.71965914"
"2009-11";"K";"5.0101"
"2009-11";"OBB";"3.0301"
"2009-11";"MBB";"1.1635"
"2009-11";"FH";"2.3519"
"2009-11";"FI";"1.6461"
"2009-12";"K";"4.868"
"2009-12";"OBB";"3.0549"
"2009-12";"MBB";"1.2281"
"2009-12";"FH";"2.3344"
"2009-12";"FI";"1.8618"
"2010-01";"K";"4.894"
"2010-01";"OBB";"3.0232"
"2010-01";"MBB";"1.178"
"2010-01";"FH";"2.3015"
"2010-01";"FI";"1.7892"
"2010-02";"K";"4.9367"
"2010-02";"OBB";"3.0524"
"2010-02";"MBB";"1.1445"
"2010-02";"FH";"2.2757"
"2010-02";"FI";"1.6833"
"2010-03";"K";"5.1465"
"2010-03";"OBB";"2.9857"
"2010-03";"MBB";"1.1618"
"2010-03";"FH";"2.2443"
"2010-03";"FI";"1.7596"
"2010-04";"K";"4.6722"
"2010-04";"OBB";"3.0423"
"2010-04";"MBB";"1.1963"
"2010-04";"FH";"2.2895"
"2010-04";"FI";"1.6612"
"2010-05";"K";"4.7884"
"2010-05";"OBB";"3.0437"
"2010-05";"MBB";"1.1139"
"2010-05";"FH";"2.2251"
"2010-05";"FI";"1.579"
"2010-06";"K";"5.0367"
"2010-06";"OBB";"3.0683"
"2010-06";"MBB";"1.0748"
"2010-06";"FH";"2.1102"
"2010-06";"FI";"1.6787"
"2010-07";"K";"5.2411"
"2010-07";"OBB";"3.0462"
"2010-07";"MBB";"1.0724"
"2010-07";"FH";"2.1177"
"2010-07";"FI";"1.5859"
"2010-08";"K";"5.5017"
"2010-08";"OBB";"3.0067"
"2010-08";"MBB";"1.115"
"2010-08";"FH";"2.1539"
"2010-08";"FI";"1.5583"
"2010-09";"K";"5.2105"
"2010-09";"OBB";"3.043"
"2010-09";"MBB";"1.0958"
"2010-09";"FH";"2.1075"
"2010-09";"FI";"1.7891"
"2010-10";"K";"5.0795"
"2010-10";"OBB";"3.0596"
"2010-10";"MBB";"1.1344"
"2010-10";"FH";"2.1256"
"2010-10";"FI";"1.6181"
"2010-11";"K";"5.3974"
"2010-11";"OBB";"2.9974"
"2010-11";"MBB";"1.1086"
"2010-11";"FH";"2.0756"
"2010-11";"FI";"1.5549"
"2010-12";"K";"5.52"
"2010-12";"OBB";"3.0341"
"2010-12";"MBB";"1.1246"
"2010-12";"FH";"2.0774"
"2010-12";"FI";"1.7289"
"2011-01";"K";"5.0012"
"2011-01";"OBB";"3.0285"
"2011-01";"MBB";"1.1671"
"2011-01";"FH";"2.0601"
"2011-01";"FI";"1.7313"
"2011-02";"K";"5.1947"
"2011-02";"OBB";"2.9513"
"2011-02";"MBB";"1.1514"
"2011-02";"FH";"2.1202"
"2011-02";"FI";"1.6351"
"2011-03";"K";"5.1494"
"2011-03";"OBB";"2.9952"
"2011-03";"MBB";"1.161"
"2011-03";"FH";"2.1115"
"2011-03";"FI";"1.7579"
"2011-04";"K";"4.9332"
"2011-04";"OBB";"3.0061"
"2011-04";"MBB";"1.1434"
"2011-04";"FH";"2.2058"
"2011-04";"FI";"1.8362"
"2011-05";"K";"5.2138"
"2011-05";"OBB";"3.0259"
"2011-05";"MBB";"1.1682"
"2011-05";"FH";"2.1705"
"2011-05";"FI";"1.6065"
"2011-06";"K";"5.2796"
"2011-06";"OBB";"3.016"
"2011-06";"MBB";"1.1011"
"2011-06";"FH";"2.1206"
"2011-06";"FI";"1.7971"
"2011-07";"K";"5.6986"
"2011-07";"OBB";"2.9675"
"2011-07";"MBB";"1.1086"
"2011-07";"FH";"1.9923"
"2011-07";"FI";"1.6607"
"2011-08";"K";"5.015"
"2011-08";"OBB";"3.0286"
"2011-08";"MBB";"1.0864"
"2011-08";"FH";"1.8976"
"2011-08";"FI";"1.5272"
"2011-09";"K";"5.0866"
"2011-09";"OBB";"3.0233"
"2011-09";"MBB";"0.972"
"2011-09";"FH";"1.8557"
"2011-09";"FI";"1.5487"
"2011-10";"K";"5.1128"
"2011-10";"OBB";"3.0187"
"2011-10";"MBB";"0.99224"
"2011-10";"FH";"1.7511"
"2011-10";"FI";"1.5288"
"2011-11";"K";"4.957"
"2011-11";"OBB";"2.9974"
"2011-11";"MBB";"1.0162"
"2011-11";"FH";"1.7787"
"2011-11";"FI";"1.543"
"2011-12";"K";"4.8006"
"2011-12";"OBB";"2.9813"
"2011-12";"MBB";"1.0207"
"2011-12";"FH";"1.8084"
"2011-12";"FI";"1.6259"
"2012-01";"K";"4.9684"
"2012-01";"OBB";"2.959"
"2012-01";"MBB";"1.1139"
"2012-01";"FH";"1.7282"
"2012-01";"FI";"1.6046"
"2012-02";"K";"5.0212"
"2012-02";"OBB";"2.9966"
"2012-02";"MBB";"1.0921"
"2012-02";"FH";"1.7286"
"2012-02";"FI";"1.5598"
"2012-03";"K";"5.3094"
"2012-03";"OBB";"2.9981"
"2012-03";"MBB";"1.104"
"2012-03";"FH";"1.6876"
"2012-03";"FI";"1.6182"
"2012-04";"K";"5.0845"
"2012-04";"OBB";"2.9591"
"2012-04";"MBB";"1.1398"
"2012-04";"FH";"1.689"
"2012-04";"FI";"1.5745"
"2012-05";"K";"5.0722"
"2012-05";"OBB";"2.9537"
"2012-05";"MBB";"1.201"
"2012-05";"FH";"1.704"
"2012-05";"FI";"1.6392"
"2012-06";"K";"5.1944"
"2012-06";"OBB";"2.9884"
"2012-06";"MBB";"1.2068"
"2012-06";"FH";"1.6524"
"2012-06";"FI";"1.6135"
"2012-07";"K";"5.0501"
"2012-07";"OBB";"2.986"
"2012-07";"MBB";"1.186"
"2012-07";"FH";"1.6761"
"2012-07";"FI";"1.5591"
"2012-08";"K";"5.185"
"2012-08";"OBB";"2.9577"
"2012-08";"MBB";"1.1533"
"2012-08";"FH";"1.6501"
"2012-08";"FI";"1.6525"
"2012-09";"K";"5.4237"
"2012-09";"OBB";"2.935"
"2012-09";"MBB";"1.1814"
"2012-09";"FH";"1.6458"
"2012-09";"FI";"1.6002"
"2012-10";"K";"4.8153"
"2012-10";"OBB";"2.9619"
"2012-10";"MBB";"1.1357"
"2012-10";"FH";"1.6045"
"2012-10";"FI";"1.612"
"2012-11";"K";"4.9677"
"2012-11";"OBB";"2.9525"
"2012-11";"MBB";"1.1104"
"2012-11";"FH";"1.6535"
"2012-11";"FI";"1.5551"
"2012-12";"K";"4.9995"
"2012-12";"OBB";"2.9412"
"2012-12";"MBB";"1.0756"
"2012-12";"FH";"1.6307"
"2012-12";"FI";"1.6209"
"2013-01";"K";"5.0063"
"2013-01";"OBB";"2.9214"
"2013-01";"MBB";"1.02"
"2013-01";"FH";"1.6436"
"2013-01";"FI";"1.6386"
"2013-02";"K";"5.2377"
"2013-02";"OBB";"2.8901"
"2013-02";"MBB";"1.0456"
"2013-02";"FH";"1.7007"
"2013-02";"FI";"1.6141"
"2013-03";"K";"4.8963"
"2013-03";"OBB";"2.9331"
"2013-03";"MBB";"1.0584"
"2013-03";"FH";"1.7101"
"2013-03";"FI";"1.5835"
"2013-04";"K";"4.9704"
"2013-04";"OBB";"2.8979"
"2013-04";"MBB";"1.0989"
"2013-04";"FH";"1.6761"
"2013-04";"FI";"1.6396"
"2013-05";"K";"5.1363"
"2013-05";"OBB";"2.9285"
"2013-05";"MBB";"1.1284"
"2013-05";"FH";"1.6993"
"2013-05";"FI";"1.6569"
"2013-06";"K";"5.2386"
"2013-06";"OBB";"2.9291"
"2013-06";"MBB";"1.1031"
"2013-06";"FH";"1.741"
"2013-06";"FI";"1.5951"
"2013-07";"K";"5.1567"
"2013-07";"OBB";"2.9452"
"2013-07";"MBB";"1.1473"
"2013-07";"FH";"1.7618"
"2013-07";"FI";"1.6497"
"2013-08";"K";"5.0754"
"2013-08";"OBB";"2.9514"
"2013-08";"MBB";"1.143"
"2013-08";"FH";"1.8267"
"2013-08";"FI";"1.611"
"2013-09";"K";"5.1314"
"2013-09";"OBB";"2.9292"
"2013-09";"MBB";"1.1102"
"2013-09";"FH";"1.8159"
"2013-09";"FI";"1.6008"
"2013-10";"K";"5.0629"
"2013-10";"OBB";"2.9098"
"2013-10";"MBB";"1.1245"
"2013-10";"FH";"1.7742"
"2013-10";"FI";"1.6895"
"2013-11";"K";"4.9345"
"2013-11";"OBB";"2.9559"
"2013-11";"MBB";"1.1375"
"2013-11";"FH";"1.7844"
"2013-11";"FI";"1.6231"
"2013-12";"K";"4.78"
"2013-12";"OBB";"2.8971"
"2013-12";"MBB";"1.0899"
"2013-12";"FH";"1.7243"
"2013-12";"FI";"1.6073"
"2014-01";"K";"4.9483"
"2014-01";"OBB";"2.9245"
"2014-01";"MBB";"1.1382"
"2014-01";"FH";"1.766"
"2014-01";"FI";"1.6956"
"2014-02";"K";"5.0191"
"2014-02";"OBB";"2.8997"
"2014-02";"MBB";"1.0774"
"2014-02";"FH";"1.7383"
"2014-02";"FI";"1.5748"
"2014-03";"K";"4.5992"
"2014-03";"OBB";"2.8585"
"2014-03";"MBB";"1.0784"
"2014-03";"FH";"1.7221"
"2014-03";"FI";"1.5807"
"2014-04";"K";"5.0254"
"2014-04";"OBB";"2.9318"
"2014-04";"MBB";"1.1042"
"2014-04";"FH";"1.6455"
"2014-04";"FI";"1.6709"
"2014-05";"K";"5.4575"
"2014-05";"OBB";"2.8425"
"2014-05";"MBB";"1.1359"
"2014-05";"FH";"1.6527"
"2014-05";"FI";"1.6033"
"2014-06";"K";"5.2443"
"2014-06";"OBB";"2.894"
"2014-06";"MBB";"1.1333"
"2014-06";"FH";"1.6289"
"2014-06";"FI";"1.6494"
"2014-07";"K";"5.0565"
"2014-07";"OBB";"2.8708"
"2014-07";"MBB";"1.1462"
"2014-07";"FH";"1.6132"
"2014-07";"FI";"1.7315"
"2014-08";"K";"4.9402"
"2014-08";"OBB";"2.9451"
"2014-08";"MBB";"1.1783"
"2014-08";"FH";"1.6365"
"2014-08";"FI";"1.6298"
"2014-09";"K";"4.9943"
"2014-09";"OBB";"2.9232"
"2014-09";"MBB";"1.1296"
"2014-09";"FH";"1.571"
"2014-09";"FI";"1.6045"
"2014-10";"K";"4.9689"
"2014-10";"OBB";"2.8332"
"2014-10";"MBB";"1.1268"
"2014-10";"FH";"1.5615"
"2014-10";"FI";"1.6875"
"2014-11";"K";"4.9314"
"2014-11";"OBB";"2.8655"
"2014-11";"MBB";"1.1365"
"2014-11";"FH";"1.5287"
"2014-11";"FI";"1.5949"
"2014-12";"K";"4.8405"
"2014-12";"OBB";"2.8623"
"2014-12";"MBB";"1.0617"
"2014-12";"FH";"1.5483"
"2014-12";"FI";"1.6611"
"2015-01";"K";"4.6871"
"2015-01";"OBB";"2.9302"
"2015-01";"MBB";"1.0736"
"2015-01";"FH";"1.4472"
"2015-01";"FI";"1.7097"
"2015-02";"K";"5.2037"
"2015-02";"OBB";"2.9372"
"2015-02";"MBB";"1.0772"
"2015-02";"FH";"1.4117"
"2015-02";"FI";"1.6336"
"2015-03";"K";"4.8459"
"2015-03";"OBB";"2.8979"
"2015-03";"MBB";"1.0968"
"2015-03";"FH";"1.4412"
"2015-03";"FI";"1.6787"
"2015-04";"K";"4.9729"
"2015-04";"OBB";"2.8234"
"2015-04";"MBB";"1.116"
"2015-04";"FH";"1.4759"
"2015-04";"FI";"1.7046"
"2015-05";"K";"5.1995"
"2015-05";"OBB";"2.8683"
"2015-05";"MBB";"1.1222"
"2015-05";"FH";"1.4722"
"2015-05";"FI";"1.6487"
"2015-06";"K";"5.0845"
"2015-06";"OBB";"2.8973"
"2015-06";"MBB";"1.1302"
"2015-06";"FH";"1.5102"
"2015-06";"FI";"1.6921"
"2015-07";"K";"5.1943"
"2015-07";"OBB";"2.8912"
"2015-07";"MBB";"1.173"
"2015-07";"FH";"1.5231"
"2015-07";"FI";"1.7216"
"2015-08";"K";"4.8245"
"2015-08";"OBB";"2.8744"
"2015-08";"MBB";"1.16"
"2015-08";"FH";"1.5089"
"2015-08";"FI";"1.682"
"2015-09";"K";"4.9595"
"2015-09";"OBB";"2.8497"
"2015-09";"MBB";"1.1617"
"2015-09";"FH";"1.4712"
"2015-09";"FI";"1.6758"
"2015-10";"K";"4.8638"
"2015-10";"OBB";"2.8122"
"2015-10";"MBB";"1.1595"
"2015-10";"FH";"1.5062"
"2015-10";"FI";"1.6981"
"2015-11";"K";"4.9143"
"2015-11";"OBB";"2.8788"
"2015-11";"MBB";"1.16"
"2015-11";"FH";"1.494"
"2015-11";"FI";"1.7003"
"2015-12";"K";"4.8122"
"2015-12";"OBB";"2.8594"
"2015-12";"MBB";"1.1215"
"2015-12";"FH";"1.4606"
"2015-12";"FI";"1.7342"
"2016-01";"K";"4.291"
"2016-01";"OBB";"2.7987"
"2016-01";"MBB";"1.1524"
"2016-01";"FH";"1.4624"
"2016-01";"FI";"1.709"
"2016-02";"K";"5.0242"
"2016-02";"OBB";"2.8412"
"2016-02";"MBB";"1.1171"
"2016-02";"FH";"1.4285"
"2016-02";"FI";"1.7007"
"2016-03";"K";"5.1608"
"2016-03";"OBB";"2.831"
"2016-03";"MBB";"1.0988"
"2016-03";"FH";"1.4165"
"2016-03";"FI";"1.7339"
"2016-04";"K";"4.9289"
"2016-04";"OBB";"2.7899"
"2016-04";"MBB";"1.1284"
"2016-04";"FH";"1.4283"
"2016-04";"FI";"1.7035"
"2016-05";"K";"5.023"
"2016-05";"OBB";"2.81"
"2016-05";"MBB";"1.1398"
"2016-05";"FH";"1.4243"
"2016-05";"FI";"1.6685"
"2016-06";"K";"4.9909"
"2016-06";"OBB";"2.8488"
"2016-06";"MBB";"1.1407"
"2016-06";"FH";"1.3922"
"2016-06";"FI";"1.7168"
"2016-07";"K";"5.0968"
"2016-07";"OBB";"2.8488"
"2016-07";"MBB";"1.1454"
"2016-07";"FH";"1.3921"
"2016-07";"FI";"1.724"
"2016-08";"K";"5.1883"
"2016-08";"OBB";"2.8295"
"2016-08";"MBB";"1.1961"
"2016-08";"FH";"1.4133"
"2016-08";"FI";"1.6861"
"2016-09";"K";"5.0868"
"2016-09";"OBB";"2.8357"
"2016-09";"MBB";"1.1127"
"2016-09";"FH";"1.3554"
"2016-09";"FI";"1.6985"
"2016-10";"K";"4.9692"
"2016-10";"OBB";"2.7967"
"2016-10";"MBB";"1.1583"
"2016-10";"FH";"1.4064"
"2016-10";"FI";"1.6961"
"2016-11";"K";"4.9566"
"2016-11";"OBB";"2.82"
"2016-11";"MBB";"1.115"
"2016-11";"FH";"1.37"
"2016-11";"FI";"1.6913"
"2016-12";"K";"4.6924"
"2016-12";"OBB";"2.8082"
"2016-12";"MBB";"1.0933"
"2016-12";"FH";"1.3787"
"2016-12";"FI";"1.6851"
"2017-01";"K";"4.668"
"2017-01";"OBB";"2.7912"
"2017-01";"MBB";"1.1338"
"2017-01";"FH";"1.3653"
"2017-01";"FI";"1.7382"
"2017-02";"K";"4.5861"
"2017-02";"OBB";"2.7471"
"2017-02";"MBB";"1.0724"
"2017-02";"FH";"1.3746"
"2017-02";"FI";"1.7016"
"2017-03";"K";"4.737"
"2017-03";"OBB";"2.5732"
"2017-03";"MBB";"1.047"
"2017-03";"FH";"1.35"
"2017-03";"FI";"1.7156"
"2017-04";"K";"5.047"
"2017-04";"OBB";"2.8228"
"2017-04";"MBB";"1.113"
"2017-04";"FH";"1.3701"
"2017-04";"FI";"1.6749"
"2017-05";"K";"4.8184"
"2017-05";"OBB";"2.7703"
"2017-05";"MBB";"1.0717"
"2017-05";"FH";"1.3654"
"2017-05";"FI";"1.6685"
"2017-06";"K";"4.9769"
"2017-06";"OBB";"2.8142"
"2017-06";"MBB";"1.0123"
"2017-06";"FH";"1.3228"
"2017-06";"FI";"1.6958"
"2017-07";"K";"4.721"
"2017-07";"OBB";"2.8171"
"2017-07";"MBB";"1.1123"
"2017-07";"FH";"1.3625"
"2017-07";"FI";"1.7115"
"2017-08";"K";"4.9151"
"2017-08";"OBB";"2.7698"
"2017-08";"MBB";"1.0874"
"2017-08";"FH";"1.3698"
"2017-08";"FI";"1.7348"
"2017-09";"K";"4.8913"
"2017-09";"OBB";"2.714"
"2017-09";"MBB";"1.0831"
"2017-09";"FH";"1.305"
"2017-09";"FI";"1.6835"
"2017-10";"K";"5.0791"
"2017-10";"OBB";"2.7839"
"2017-10";"MBB";"1.0763"
"2017-10";"FH";"1.33"
"2017-10";"FI";"1.722"
"2017-11";"K";"5.2717"
"2017-11";"OBB";"2.7417"
"2017-11";"MBB";"1.0526"
"2017-11";"FH";"1.3561"
"2017-11";"FI";"1.7018"
"2017-12";"K";"4.591"
"2017-12";"OBB";"2.7961"
"2017-12";"MBB";"1.0216"
"2017-12";"FH";"1.3449"
"2017-12";"FI";"1.7102"
"2018-01";"K";"4.6511"
"2018-01";"OBB";"2.7797"
"2018-01";"MBB";"1.0643"
"2018-01";"FH";"1.3553"
"2018-01";"FI";"1.6897"
"2018-02";"K";"4.5353"
"2018-02";"OBB";"2.7222"
"2018-02";"MBB";"1.0265"
"2018-02";"FH";"1.3476"
"2018-02";"FI";"1.6797"
"2018-03";"K";"4.5733"
"2018-03";"OBB";"2.7894"
"2018-03";"MBB";"1.0303"
"2018-03";"FH";"1.3597"
"2018-03";"FI";"1.6419"
"2018-04";"K";"4.6877"
"2018-04";"OBB";"2.7767"
"2018-04";"MBB";"1.0549"
"2018-04";"FH";"1.3771"
"2018-04";"FI";"1.6773"
"2018-05";"K";"4.8645"
"2018-05";"OBB";"2.8038"
"2018-05";"MBB";"1.0773"
"2018-05";"FH";"1.3808"
"2018-05";"FI";"1.6368"
"2018-06";"K";"4.7435"
"2018-06";"OBB";"2.803"
"2018-06";"MBB";"1.0468"
"2018-06";"FH";"1.4058"
"2018-06";"FI";"1.6603"
"2018-07";"K";"4.7797"
"2018-07";"OBB";"2.8209"
"2018-07";"MBB";"1.0809"
"2018-07";"FH";"1.438"
"2018-07";"FI";"1.6609"
"2018-08";"K";"4.6856"
"2018-08";"OBB";"2.8279"
"2018-08";"MBB";"1.0836"
"2018-08";"FH";"1.361"
"2018-08";"FI";"1.6438"
"2018-09";"K";"4.6101"
"2018-09";"OBB";"2.7487"
"2018-09";"MBB";"1.0426"
"2018-09";"FH";"1.3771"
"2018-09";"FI";"1.6609"
"2018-10";"K";"4.5966"
"2018-10";"OBB";"2.7507"
"2018-10";"MBB";"1.0386"
"2018-10";"FH";"1.3767"
"2018-10";"FI";"1.7084"
"2018-11";"K";"4.8796"
"2018-11";"OBB";"2.6961"
"2018-11";"MBB";"1.0152"
"2018-11";"FH";"1.3868"
"2018-11";"FI";"1.6418"
"2018-12";"K";"4.404"
"2018-12";"OBB";"2.7013"
"2018-12";"MBB";"1.0077"
"2018-12";"FH";"1.3078"
"2018-12";"FI";"1.651"
"2019-01";"K";"4.522"
"2019-01";"OBB";"2.628"
"2019-01";"MBB";"1.0312"
"2019-01";"FH";"1.2982"
"2019-01";"FI";"1.6659"
"2019-02";"K";"4.5839"
"2019-02";"OBB";"2.5922"
"2019-02";"MBB";"1.0361"
"2019-02";"FH";"1.2701"
"2019-02";"FI";"1.6365"
"2019-03";"K";"4.6009"
"2019-03";"OBB";"2.6071"
"2019-03";"MBB";"1.0398"
"2019-03";"FH";"1.2597"
"2019-03";"FI";"1.6521"
"2019-04";"K";"4.5777"
"2019-04";"OBB";"2.5483"
"2019-04";"MBB";"1.042"
"2019-04";"FH";"1.2381"
"2019-04";"FI";"1.6371"
"2019-05";"K";"4.7879"
"2019-05";"OBB";"2.5958"
"2019-05";"MBB";"1.0268"
"2019-05";"FH";"1.272"
"2019-05";"FI";"1.6065"
"2019-06";"K";"4.7918"
"2019-06";"OBB";"2.5673"
"2019-06";"MBB";"1.0176"
"2019-06";"FH";"1.2034"
"2019-06";"FI";"1.6563"
"2019-07";"K";"4.8077"
"2019-07";"OBB";"2.514"
"2019-07";"MBB";"1.0107"
"2019-07";"FH";"1.1919"
"2019-07";"FI";"1.616"
"2019-08";"K";"4.6932"
"2019-08";"OBB";"2.5615"
"2019-08";"MBB";"1.037"
"2019-08";"FH";"1.1637"
"2019-08";"FI";"1.6414"
"2019-09";"K";"4.6908"
"2019-09";"OBB";"2.5872"
"2019-09";"MBB";"1.0139"
"2019-09";"FH";"1.1484"
"2019-09";"FI";"1.6034"
"2019-10";"K";"4.5961"
"2019-10";"OBB";"2.5284"
"2019-10";"MBB";"0.99288"
"2019-10";"FH";"1.1503"
"2019-10";"FI";"1.5887"
"2019-11";"K";"4.5704"
"2019-11";"OBB";"2.5535"
"2019-11";"MBB";"0.99755"
"2019-11";"FH";"1.1343"
"2019-11";"FI";"1.5567"
"2019-12";"K";"4.404"
"2019-12";"OBB";"2.4932"
"2019-12";"MBB";"0.96569"
"2019-12";"FH";"1.1263"
"2019-12";"FI";"1.594"
"2020-01";"K";"4.4685"
"2020-01";"OBB";"2.5616"
"2020-01";"MBB";"0.94539"
"2020-01";"FH";"1.1459"
"2020-01";"FI";"1.6928"
"2020-02";"K";"4.4659"
"2020-02";"OBB";"2.6438"
"2020-02";"MBB";"0.96601"
"2020-02";"FH";"1.1266"
"2020-02";"FI";"1.5505"
"2020-03";"K";"4.4026"
"2020-03";"OBB";"2.5666"
"2020-03";"MBB";"0.95179"
"2020-03";"FH";"1.1119"
"2020-03";"FI";"1.5502"
"2020-04";"K";"4.3647"
"2020-04";"OBB";"2.5938"
"2020-04";"MBB";"0.97515"
"2020-04";"FH";"1.1072"
"2020-04";"FI";"1.5335"
"2020-05";"K";"4.6053"
"2020-05";"OBB";"2.6025"
"2020-05";"MBB";"0.97585"
"2020-05";"FH";"1.1217"
"2020-05";"FI";"1.4535"
"2020-06";"K";"4.6871"
"2020-06";"OBB";"2.5407"
"2020-06";"MBB";"0.97263"
"2020-06";"FH";"1.1374"
"2020-06";"FI";"1.538"
"2020-07";"K";"4.6144"
"2020-07";"OBB";"2.5628"
"2020-07";"MBB";"0.99885"
"2020-07";"FH";"1.1497"
"2020-07";"FI";"1.5245"
"2020-08";"K";"4.4071"
"2020-08";"OBB";"2.5806"
"2020-08";"MBB";"0.9614"
"2020-08";"FH";"1.1347"
"2020-08";"FI";"1.4802"
"2020-09";"K";"4.4544"
"2020-09";"OBB";"2.5395"
"2020-09";"MBB";"0.92278"
"2020-09";"FH";"1.1351"
"2020-09";"FI";"1.5306"
"2020-10";"K";"4.5352"
"2020-10";"OBB";"2.5415"
"2020-10";"MBB";"0.9709"
"2020-10";"FH";"1.0998"
"2020-10";"FI";"1.4971"
"2020-11";"K";"4.4932"
"2020-11";"OBB";"2.5561"
"2020-11";"MBB";"0.94058"
"2020-11";"FH";"1.1169"
"2020-11";"FI";"1.4699"
"2020-12";"K";"4.2034"
"2020-12";"OBB";"2.5714"
"2020-12";"MBB";"0.94068"
"2020-12";"FH";"1.0962"
"2020-12";"FI";"1.5498"
"2021-01";"K";"4.0964"
"2021-01";"OBB";"2.5357"
"2021-01";"MBB";"0.91919"
"2021-01";"FH";"1.1081"
"2021-01";"FI";"1.5562"
"2021-02";"K";"4.4089"
"2021-02";"OBB";"2.5108"
"2021-02";"MBB";"0.93134"
"2021-02";"FH";"1.0842"
"2021-02";"FI";"1.4898"
"2021-03";"K";"4.4862"
"2021-03";"OBB";"2.4214"
"2021-03";"MBB";"0.90088"
"2021-03";"FH";"1.1514"
"2021-03";"FI";"1.5612"
"2021-04";"K";"4.4321"
"2021-04";"OBB";"2.5544"
"2021-04";"MBB";"0.91284"
"2021-04";"FH";"1.1231"
"2021-04";"FI";"1.4906"
"2021-05";"K";"4.5799"
"2021-05";"OBB";"2.5581"
"2021-05";"MBB";"0.96981"
"2021-05";"FH";"1.1353"
"2021-05";"FI";"1.4643"
"2021-06";"K";"4.6113"
"2021-06";"OBB";"2.4081"
"2021-06";"MBB";"0.92398"
"2021-06";"FH";"1.1243"
"2021-06";"FI";"1.5343"
"2021-07";"K";"4.5209"
"2021-07";"OBB";"2.4583"
"2021-07";"MBB";"0.94063"
"2021-07";"FH";"1.1685"
"2021-07";"FI";"1.4778"
"2021-08";"K";"4.2181"
"2021-08";"OBB";"2.4871"
"2021-08";"MBB";"0.95748"
"2021-08";"FH";"1.146"
"2021-08";"FI";"1.4754"
"2021-09";"K";"4.5286"
"2021-09";"OBB";"2.5961"
"2021-09";"MBB";"0.91791"
"2021-09";"FH";"1.1088"
"2021-09";"FI";"1.4967"
"2021-10";"K";"4.5183"
"2021-10";"OBB";"2.3988"
"2021-10";"MBB";"0.91714"
"2021-10";"FH";"1.1502"
"2021-10";"FI";"1.4488"
"2021-11";"K";"4.4305"
"2021-11";"OBB";"2.4035"
"2021-11";"MBB";"0.90832"
"2021-11";"FH";"1.144"
"2021-11";"FI";"1.4358"
"2021-12";"K";"4.2322"
"2021-12";"OBB";"2.4455"
"2021-12";"MBB";"0.91065"
"2021-12";"FH";"1.1097"
"2021-12";"FI";"1.5338"
"2022-01";"K";"4.1107"
"2022-01";"OBB";"2.4341"
"2022-01";"MBB";"0.9123"
"2022-01";"FH";"1.1347"
"2022-01";"FI";"1.4199"
"2022-02";"K";"4.3007"
"2022-02";"OBB";"2.4872"
"2022-02";"MBB";"0.92263"
"2022-02";"FH";"1.2186"
"2022-02";"FI";"1.4285"
"2022-03";"K";"4.2832"
"2022-03";"OBB";"2.375"
"2022-03";"MBB";"0.91166"
"2022-03";"FH";"1.2474"
"2022-03";"FI";"1.5435"
"2022-04";"K";"4.2766"
"2022-04";"OBB";"2.4429"
"2022-04";"MBB";"0.92088"
"2022-04";"FH";"1.3449"
"2022-04";"FI";"1.4607"
"2022-05";"K";"4.4438"
"2022-05";"OBB";"2.4805"
"2022-05";"MBB";"0.93795"
"2022-05";"FH";"1.4804"
"2022-05";"FI";"1.4795"
"2022-06";"K";"4.5401"
"2022-06";"OBB";"2.4382"
"2022-06";"MBB";"0.94293"
"2022-06";"FH";"1.6538"
"2022-06";"FI";"1.6296"
"2022-07";"K";"4.4891"
"2022-07";"OBB";"2.4144"
"2022-07";"MBB";"1.0101"
"2022-07";"FH";"1.7125"
"2022-07";"FI";"1.5446"
"2022-08";"K";"4.3691"
"2022-08";"OBB";"2.4908"
"2022-08";"MBB";"0.9741"
"2022-08";"FH";"1.6886"
"2022-08";"FI";"1.5554"
"2022-09";"K";"4.227"
"2022-09";"OBB";"2.4651"
"2022-09";"MBB";"1.1364"
"2022-09";"FH";"1.9787"
"2022-09";"FI";"2.0667"
"2022-10";"K";"4.3407"
"2022-10";"OBB";"2.5049"
"2022-10";"MBB";"1.4125"
"2022-10";"FH";"1.9994"
"2022-10";"FI";"2.0007"
"2022-11";"K";"4.3041"
"2022-11";"OBB";"2.534"
"2022-11";"MBB";"1.4166"
"2022-11";"FH";"2.0084"
"2022-11";"FI";"2.1171"
"2022-12";"K";"4.2602"
"2022-12";"OBB";"2.5356"
"2022-12";"MBB";"1.743"
"2022-12";"FH";"2.0829"
"2022-12";"FI";"2.429"
"2023-01";"K";"4.1805"
"2023-01";"OBB";"2.5808"
"2023-01";"MBB";"1.8765"
"2023-01";"FH";"2.1995"
"2023-01";"FI";"2.4947"
"2023-02";"K";"4.2972"
"2023-02";"OBB";"2.5811"
"2023-02";"MBB";"1.9026"
"2023-02";"FH";"2.3697"
"2023-02";"FI";"2.4797"
"2023-03";"K";"4.3232"
"2023-03";"OBB";"2.6578"
"2023-03";"MBB";"2.1043"
"2023-03";"FH";"2.4515"
"2023-03";"FI";"2.8437"
"2023-04";"K";"4.3509"
"2023-04";"OBB";"2.7209"
"2023-04";"MBB";"2.3765"
"2023-04";"FH";"2.5113"
"2023-04";"FI";"2.8702"
"2023-05";"K";"4.552"
"2023-05";"OBB";"2.7938"
"2023-05";"MBB";"2.3643"
"2023-05";"FH";"2.5961"
"2023-05";"FI";"2.9311"
"2023-06";"K";"4.615"
"2023-06";"OBB";"2.8013"
"2023-06";"MBB";"2.4913"
"2023-06";"FH";"2.5699"
"2023-06";"FI";"3.1789"
"2023-07";"K";"4.5543"
"2023-07";"OBB";"2.8886"
"2023-07";"MBB";"2.6524"
"2023-07";"FH";"2.5872"
"2023-07";"FI";"3.1446"
"2023-08";"K";"4.5455"
"2023-08";"OBB";"2.9499"
"2023-08";"MBB";"2.6368"
"2023-08";"FH";"2.658"
"2023-08";"FI";"3.2015"
"2023-09";"K";"4.5266"
"2023-09";"OBB";"2.9962"
"2023-09";"MBB";"2.6347"
"2023-09";"FH";"2.6248"
"2023-09";"FI";"3.2388"
"2023-10";"K";"4.6061"
"2023-10";"OBB";"3.018"
"2023-10";"MBB";"2.6546"
"2023-10";"FH";"2.5651"
"2023-10";"FI";"3.1742"
"2023-11";"K";"4.618"
"2023-11";"OBB";"3.0228"
"2023-11";"MBB";"2.67"
"2023-11";"FH";"2.3783"
"2023-11";"FI";"3.1801"
"2023-12";"K";"4.5637"
"2023-12";"OBB";"2.9873"
"2023-12";"MBB";"2.6443"
"2023-12";"FH";"2.1845"
"2023-12";"FI";"3.1855"
"2024-01";"K";"4.3242"
"2024-01";"OBB";"3.0639"
"2024-01";"MBB";"2.6488"
"2024-01";"FH";"2.1832"
"2024-01";"FI";"3.1192"
"2024-02";"K";"4.7173"
"2024-02";"OBB";"3.1673"
"2024-02";"MBB";"2.6418"
"2024-02";"FH";"2.1573"
"2024-02";"FI";"3.1889"
"2024-03";"K";"4.4996"
"2024-03";"OBB";"3.1591"
"2024-03";"MBB";"2.5682"
"2024-03";"FH";"2.1484"
"2024-03";"FI";"3.1343"
"2024-04";"K";"4.5525"
"2024-04";"OBB";"3.1773"
"2024-04";"MBB";"2.4602"
"2024-04";"FH";"2.1289"
"2024-04";"FI";"3.0358"
"2024-05";"K";"4.6898"
"2024-05";"OBB";"3.1288"
"2024-05";"MBB";"2.4353"
"2024-05";"FH";"2.2222"
"2024-05";"FI";"3.0392"
"2024-06";"K";"4.6345"
"2024-06";"OBB";"3.1269"
"2024-06";"MBB";"2.2751"
"2024-06";"FH";"2.1858"
"2024-06";"FI";"2.9735"
"2024-07";"K";"4.5911"
"2024-07";"OBB";"3.1172"
"2024-07";"MBB";"2.232"
"2024-07";"FH";"2.0781"
"2024-07";"FI";"2.9135"
"2024-08";"K";"4.5829"
"2024-08";"OBB";"3.1233"
"2024-08";"MBB";"2.2224"
"2024-08";"FH";"1.9076"
"2024-08";"FI";"2.8257"
"2024-09";"K";"4.5681"
"2024-09";"OBB";"3.1011"
"2024-09";"MBB";"2.0631"
"2024-09";"FH";"1.8405"
"2024-09";"FI";"2.6899"
"2024-10";"K";"4.537"
"2024-10";"OBB";"3.1594"
"2024-10";"MBB";"1.9505"
"2024-10";"FH";"1.751"
"2024-10";"FI";"2.5495"
"2024-11";"K";"4.5093"
"2024-11";"OBB";"3.136"
"2024-11";"MBB";"1.9474"
"2024-11";"FH";"1.6587"
"2024-11";"FI";"2.4229"
"2024-12";"K";"4.5525"
"2024-12";"OBB";"3.074"
"2024-12";"MBB";"1.5055"
"2024-12";"FH";"1.5166"
"2024-12";"FI";"2.2255"
"2025-01";"K";"4.26"
"2025-01";"OBB";"2.9746"
"2025-01";"MBB";"1.4415"
"2025-01";"FH";"1.5189"
"2025-01";"FI";"2.1192"
